{"stats":{"minecraft:killed_by":{"minecraft:player":1},"minecraft:picked_up":{"minecraft:charcoal":44,"minecraft:iron_chestplate":1,"minecraft:crafting_table":11,"minecraft:wheat":18,"minecraft:azure_bluet":3,"minecraft:chicken":12,"minecraft:cornflower":2,"minecraft:string":62,"minecraft:cobbled_deepslate":35,"minecraft:beef":23,"minecraft:white_tulip":1,"minecraft:oak_boat":1,"minecraft:poppy":2,"minecraft:iron_pickaxe":4,"minecraft:chest":3,"minecraft:furnace":9,"minecraft:egg":7,"minecraft:stick":3,"minecraft:raw_iron":50,"minecraft:sandstone":38,"minecraft:oak_door":3,"minecraft:torch":1,"minecraft:porkchop":23,"minecraft:redstone":135,"minecraft:prismarine_crystals":2,"minecraft:tnt":4,"minecraft:stone_sword":1,"minecraft:arrow":27,"minecraft:rotten_flesh":16,"minecraft:gold_ingot":43,"minecraft:mutton":12,"minecraft:white_wool":6,"minecraft:cobblestone":332,"minecraft:oxeye_daisy":2,"minecraft:feather":19,"minecraft:cooked_beef":11,"minecraft:water_bucket":1,"minecraft:andesite":1,"minecraft:brown_wool":2,"minecraft:leather":14,"minecraft:smoker":4,"minecraft:flint":1,"minecraft:oak_log":98,"minecraft:gunpowder":2,"minecraft:paper":12,"minecraft:lapis_lazuli":234,"minecraft:dirt":1917,"minecraft:leather_boots":1,"minecraft:cooked_mutton":8,"minecraft:bone":12,"minecraft:apple":10,"minecraft:stone_bricks":2,"minecraft:bow":1,"minecraft:wheat_seeds":51,"minecraft:raw_gold":6,"minecraft:heart_of_the_sea":1,"minecraft:iron_ingot":58,"minecraft:stone_pickaxe":3,"minecraft:cooked_chicken":1,"minecraft:oak_planks":45,"minecraft:book":6,"minecraft:cooked_porkchop":9,"minecraft:dandelion":12,"minecraft:gravel":2,"minecraft:sand":61,"minecraft:blast_furnace":3,"minecraft:white_bed":3,"minecraft:spider_eye":1,"minecraft:leather_helmet":1,"minecraft:diamond":2,"minecraft:stone_axe":1,"minecraft:iron_helmet":1,"minecraft:granite":10,"minecraft:emerald":8,"minecraft:oak_button":4,"minecraft:oak_sapling":7,"minecraft:melon_seeds":5,"minecraft:coal":68,"minecraft:diamond_pickaxe":1,"minecraft:sunflower":116},"minecraft:killed":{"minecraft:spider":6,"minecraft:skeleton":4,"minecraft:chicken":12,"minecraft:pig":10,"minecraft:sheep":7,"minecraft:zombie":11,"minecraft:donkey":2,"minecraft:cow":12,"minecraft:enderman":1},"minecraft:dropped":{"minecraft:lapis_lazuli":3,"minecraft:cooked_porkchop":16,"minecraft:feather":12,"minecraft:cobblestone":2,"minecraft:granite":2,"minecraft:coal":33,"minecraft:stick":5,"minecraft:oxeye_daisy":2,"minecraft:dirt":6,"minecraft:cornflower":1,"minecraft:brown_wool":2,"minecraft:iron_pickaxe":3,"minecraft:iron_shovel":2,"minecraft:bone":3,"minecraft:gravel":2,"minecraft:stone_axe":2,"minecraft:cooked_chicken":1,"minecraft:stone_sword":2,"minecraft:cobbled_deepslate":7,"minecraft:rotten_flesh":2,"minecraft:oak_planks":1,"minecraft:cooked_mutton":3,"minecraft:white_bed":1,"minecraft:blast_furnace":1,"minecraft:poppy":1,"minecraft:oak_button":6,"minecraft:spider_eye":1,"minecraft:bow":1,"minecraft:stone_pickaxe":4},"minecraft:crafted":{"minecraft:oak_planks":104,"minecraft:iron_nugget":9,"minecraft:cooked_chicken":7,"minecraft:furnace":4,"minecraft:stone":86,"minecraft:cooked_mutton":7,"minecraft:bow":2,"minecraft:iron_boots":1,"minecraft:iron_axe":1,"minecraft:stone_pickaxe":1,"minecraft:chest":3,"minecraft:oak_button":2,"minecraft:stone_bricks":83,"minecraft:smoker":2,"minecraft:cooked_beef":23,"minecraft:cooked_porkchop":25,"minecraft:crafting_table":1,"minecraft:iron_helmet":1,"minecraft:wooden_pickaxe":1,"minecraft:iron_sword":1,"minecraft:stone_axe":1,"minecraft:iron_chestplate":1,"minecraft:charcoal":11,"minecraft:shield":1,"minecraft:stick":56,"minecraft:iron_ingot":35,"minecraft:iron_pickaxe":1,"minecraft:stone_sword":1,"minecraft:iron_shovel":9,"minecraft:iron_leggings":1,"minecraft:stonecutter":1,"minecraft:white_bed":2,"minecraft:torch":32},"minecraft:custom":{"minecraft:mob_kills":65,"minecraft:interact_with_crafting_table":32,"minecraft:leave_game":3,"minecraft:time_since_death":0,"minecraft:sprint_one_cm":305818,"minecraft:walk_one_cm":609163,"minecraft:damage_blocked_by_shield":605,"minecraft:drop":77,"minecraft:deaths":1,"minecraft:play_time":152677,"minecraft:sneak_time":569,"minecraft:walk_under_water_one_cm":3881,"minecraft:jump":2201,"minecraft:interact_with_blast_furnace":4,"minecraft:walk_on_water_one_cm":13458,"minecraft:total_world_time":152677,"minecraft:interact_with_furnace":86,"minecraft:interact_with_stonecutter":2,"minecraft:sleep_in_bed":7,"minecraft:time_since_rest":318,"minecraft:damage_taken":1932,"minecraft:damage_dealt":7900,"minecraft:swim_one_cm":548,"minecraft:fly_one_cm":287838,"minecraft:open_chest":33,"minecraft:crouch_one_cm":291,"minecraft:interact_with_smoker":15,"minecraft:fall_one_cm":32654},"minecraft:used":{"minecraft:stone_sword":61,"minecraft:iron_shovel":1938,"minecraft:white_tulip":1,"minecraft:poppy":1,"minecraft:chest":6,"minecraft:shield":16,"minecraft:iron_sword":151,"minecraft:cooked_chicken":7,"minecraft:rotten_flesh":6,"minecraft:iron_chestplate":1,"minecraft:torch":17,"minecraft:dirt":1343,"minecraft:lava_bucket":5,"minecraft:iron_axe":15,"minecraft:iron_helmet":1,"minecraft:iron_boots":1,"minecraft:stone_bricks":10,"minecraft:oak_sapling":2,"minecraft:furnace":11,"minecraft:egg":4,"minecraft:cooked_beef":1,"minecraft:cobbled_deepslate":16,"minecraft:iron_leggings":1,"minecraft:cooked_mutton":9,"minecraft:water_bucket":1,"minecraft:oak_planks":1,"minecraft:stone_pickaxe":26,"minecraft:wooden_pickaxe":22,"minecraft:stonecutter":1,"minecraft:crafting_table":7,"minecraft:blast_furnace":2,"minecraft:white_bed":4,"minecraft:smoker":6,"minecraft:cornflower":1,"minecraft:apple":2,"minecraft:iron_pickaxe":419,"minecraft:stone_axe":77,"minecraft:cooked_porkchop":9,"minecraft:bucket":6,"minecraft:dandelion":11},"minecraft:broken":{"minecraft:iron_shovel":7,"minecraft:iron_pickaxe":1},"minecraft:mined":{"minecraft:white_bed":3,"minecraft:oak_sapling":1,"minecraft:granite":1,"minecraft:grass_block":1748,"minecraft:oxeye_daisy":1,"minecraft:spawner":1,"minecraft:furnace":9,"minecraft:iron_ore":18,"minecraft:andesite":1,"minecraft:azure_bluet":3,"minecraft:deepslate_iron_ore":33,"minecraft:dirt_path":1,"minecraft:white_tulip":1,"minecraft:stone":331,"minecraft:deepslate_redstone_ore":9,"minecraft:smoker":4,"minecraft:dandelion":15,"minecraft:crafting_table":8,"minecraft:cornflower":1,"minecraft:torch":1,"minecraft:blast_furnace":1,"minecraft:poppy":2,"minecraft:chest":3,"minecraft:tall_grass":9,"minecraft:deepslate_gold_ore":6,"minecraft:grass":236,"minecraft:oak_log":76,"minecraft:coal_ore":16,"minecraft:sunflower":52,"minecraft:gravel":3,"minecraft:dirt":141,"minecraft:cobweb":33,"minecraft:stone_bricks":2,"minecraft:oak_leaves":5,"minecraft:deepslate":23}},"DataVersion":3105}