{"stats":{"minecraft:picked_up":{"minecraft:crafting_table":7,"minecraft:wheat":1,"minecraft:andesite":5,"minecraft:leather":4,"minecraft:flint":2,"minecraft:tuff":108,"minecraft:oak_log":28,"minecraft:gunpowder":2,"minecraft:lapis_lazuli":127,"minecraft:dirt":8,"minecraft:bone":5,"minecraft:apple":2,"minecraft:bow":1,"minecraft:wheat_seeds":2,"minecraft:cobbled_deepslate":147,"minecraft:raw_gold":39,"minecraft:iron_ingot":20,"minecraft:beef":9,"minecraft:iron_pickaxe":1,"minecraft:furnace":5,"minecraft:stick":2,"minecraft:raw_iron":100,"minecraft:cooked_porkchop":1,"minecraft:oak_door":1,"minecraft:torch":22,"minecraft:gravel":20,"minecraft:porkchop":2,"minecraft:spider_eye":1,"minecraft:arrow":8,"minecraft:rotten_flesh":18,"minecraft:diamond":5,"minecraft:granite":13,"minecraft:netherrack":1,"minecraft:cod":6,"minecraft:oak_sapling":4,"minecraft:obsidian":17,"minecraft:mutton":2,"minecraft:coal":134,"minecraft:cobblestone":146},"minecraft:killed":{"minecraft:pig":1,"minecraft:spider":1,"minecraft:cod":6,"minecraft:creeper":1,"minecraft:skeleton":6,"minecraft:zombie":18,"minecraft:drowned":2,"minecraft:cow":4,"minecraft:enderman":1},"minecraft:dropped":{"minecraft:gravel":9,"minecraft:cobbled_deepslate":22,"minecraft:crafting_table":1,"minecraft:tuff":17,"minecraft:wooden_axe":1,"minecraft:iron_pickaxe":1},"minecraft:crafted":{"minecraft:cooked_beef":9,"minecraft:wooden_sword":1,"minecraft:oak_door":3,"minecraft:oak_planks":112,"minecraft:cooked_porkchop":2,"minecraft:crafting_table":2,"minecraft:enchanting_table":1,"minecraft:wooden_pickaxe":1,"minecraft:iron_helmet":1,"minecraft:iron_sword":1,"minecraft:furnace":2,"minecraft:bucket":1,"minecraft:stone_axe":1,"minecraft:cooked_mutton":7,"minecraft:air":0,"minecraft:flint_and_steel":1,"minecraft:white_wool":3,"minecraft:iron_chestplate":1,"minecraft:diamond_pickaxe":1,"minecraft:shield":1,"minecraft:stick":60,"minecraft:iron_ingot":31,"minecraft:iron_pickaxe":3,"minecraft:stone_pickaxe":2,"minecraft:wooden_axe":1,"minecraft:stone_sword":1,"minecraft:iron_leggings":1,"minecraft:white_bed":1,"minecraft:torch":108},"minecraft:custom":{"minecraft:interact_with_furnace":35,"minecraft:mob_kills":40,"minecraft:interact_with_crafting_table":24,"minecraft:leave_game":5,"minecraft:time_since_death":90437,"minecraft:sleep_in_bed":2,"minecraft:climb_one_cm":141,"minecraft:time_since_rest":7031,"minecraft:sprint_one_cm":206839,"minecraft:damage_taken":1419,"minecraft:walk_one_cm":142413,"minecraft:damage_blocked_by_shield":2970,"minecraft:drop":7,"minecraft:damage_dealt":6373,"minecraft:swim_one_cm":38496,"minecraft:fly_one_cm":315903,"minecraft:open_chest":17,"minecraft:crouch_one_cm":5015,"minecraft:play_time":90437,"minecraft:sneak_time":3053,"minecraft:walk_under_water_one_cm":26169,"minecraft:jump":1793,"minecraft:interact_with_blast_furnace":2,"minecraft:walk_on_water_one_cm":58209,"minecraft:fall_one_cm":30246,"minecraft:total_world_time":90437,"minecraft:interact_with_smoker":5},"minecraft:used":{"minecraft:cooked_mutton":6,"minecraft:water_bucket":12,"minecraft:stone_sword":7,"minecraft:enchanting_table":1,"minecraft:flint_and_steel":1,"minecraft:stone_pickaxe":193,"minecraft:wooden_pickaxe":6,"minecraft:shield":40,"minecraft:iron_sword":87,"minecraft:rotten_flesh":8,"minecraft:oak_door":1,"minecraft:torch":108,"minecraft:dirt":97,"minecraft:crafting_table":8,"minecraft:white_bed":1,"minecraft:tuff":91,"minecraft:granite":5,"minecraft:wooden_axe":6,"minecraft:diamond_pickaxe":24,"minecraft:apple":1,"minecraft:lava_bucket":11,"minecraft:iron_pickaxe":685,"minecraft:gravel":11,"minecraft:stone_axe":24,"minecraft:cobblestone":64,"minecraft:furnace":5,"minecraft:cooked_porkchop":2,"minecraft:andesite":2,"minecraft:bucket":24,"minecraft:cooked_beef":9,"minecraft:cobbled_deepslate":49},"minecraft:mined":{"minecraft:tuff":112,"minecraft:deepslate_diamond_ore":5,"minecraft:oak_door":1,"minecraft:obsidian":18,"minecraft:crafting_table":7,"minecraft:torch":4,"minecraft:granite":13,"minecraft:cobblestone":12,"minecraft:lapis_ore":10,"minecraft:deepslate_gold_ore":39,"minecraft:wall_torch":16,"minecraft:furnace":5,"minecraft:iron_ore":50,"minecraft:andesite":5,"minecraft:deepslate_lapis_ore":10,"minecraft:grass":10,"minecraft:oak_log":28,"minecraft:coal_ore":71,"minecraft:deepslate_iron_ore":51,"minecraft:gravel":17,"minecraft:dirt":8,"minecraft:netherrack":1,"minecraft:stone":137,"minecraft:oak_leaves":3,"minecraft:deepslate":362},"minecraft:broken":{"minecraft:stone_pickaxe":1,"minecraft:shield":1,"minecraft:iron_pickaxe":2}},"DataVersion":3105}