{"stats":{"minecraft:broken":{"minecraft:stone_pickaxe":1,"minecraft:iron_pickaxe":2},"minecraft:crafted":{"minecraft:cooked_beef":9,"minecraft:wooden_sword":1,"minecraft:oak_door":3,"minecraft:oak_planks":112,"minecraft:cooked_porkchop":2,"minecraft:crafting_table":2,"minecraft:enchanting_table":1,"minecraft:wooden_pickaxe":1,"minecraft:iron_helmet":1,"minecraft:iron_sword":1,"minecraft:furnace":2,"minecraft:bucket":1,"minecraft:stone_axe":1,"minecraft:cooked_mutton":7,"minecraft:air":0,"minecraft:flint_and_steel":1,"minecraft:white_wool":3,"minecraft:iron_chestplate":1,"minecraft:diamond_pickaxe":1,"minecraft:shield":1,"minecraft:stick":60,"minecraft:iron_ingot":31,"minecraft:iron_pickaxe":3,"minecraft:stone_pickaxe":2,"minecraft:wooden_axe":1,"minecraft:stone_sword":1,"minecraft:iron_leggings":1,"minecraft:white_bed":1,"minecraft:torch":108},"minecraft:custom":{"minecraft:interact_with_furnace":35,"minecraft:mob_kills":37,"minecraft:interact_with_crafting_table":24,"minecraft:leave_game":5,"minecraft:time_since_death":82256,"minecraft:sleep_in_bed":1,"minecraft:climb_one_cm":141,"minecraft:time_since_rest":4667,"minecraft:sprint_one_cm":180520,"minecraft:damage_taken":1337,"minecraft:walk_one_cm":124123,"minecraft:damage_blocked_by_shield":2540,"minecraft:drop":7,"minecraft:damage_dealt":6057,"minecraft:swim_one_cm":35898,"minecraft:fly_one_cm":238724,"minecraft:open_chest":12,"minecraft:crouch_one_cm":4362,"minecraft:play_time":82256,"minecraft:sneak_time":2641,"minecraft:walk_under_water_one_cm":24462,"minecraft:jump":1453,"minecraft:interact_with_blast_furnace":2,"minecraft:walk_on_water_one_cm":57502,"minecraft:interact_with_smoker":5,"minecraft:total_world_time":82256,"minecraft:fall_one_cm":25253},"minecraft:used":{"minecraft:cooked_mutton":3,"minecraft:water_bucket":10,"minecraft:enchanting_table":1,"minecraft:stone_sword":7,"minecraft:flint_and_steel":1,"minecraft:stone_pickaxe":193,"minecraft:wooden_pickaxe":6,"minecraft:shield":38,"minecraft:iron_sword":81,"minecraft:rotten_flesh":8,"minecraft:oak_door":1,"minecraft:torch":100,"minecraft:crafting_table":8,"minecraft:white_bed":1,"minecraft:tuff":91,"minecraft:granite":4,"minecraft:wooden_axe":6,"minecraft:lava_bucket":11,"minecraft:diamond_pickaxe":24,"minecraft:apple":1,"minecraft:iron_pickaxe":666,"minecraft:gravel":11,"minecraft:stone_axe":24,"minecraft:cobblestone":64,"minecraft:furnace":5,"minecraft:cooked_porkchop":2,"minecraft:bucket":22,"minecraft:andesite":2,"minecraft:cobbled_deepslate":49,"minecraft:cooked_beef":9},"minecraft:dropped":{"minecraft:gravel":9,"minecraft:cobbled_deepslate":22,"minecraft:crafting_table":1,"minecraft:tuff":17,"minecraft:wooden_axe":1,"minecraft:iron_pickaxe":1},"minecraft:killed":{"minecraft:pig":1,"minecraft:spider":1,"minecraft:cod":6,"minecraft:creeper":1,"minecraft:skeleton":4,"minecraft:zombie":17,"minecraft:drowned":2,"minecraft:cow":4,"minecraft:enderman":1},"minecraft:mined":{"minecraft:tuff":112,"minecraft:deepslate_diamond_ore":5,"minecraft:oak_door":1,"minecraft:obsidian":18,"minecraft:crafting_table":7,"minecraft:torch":4,"minecraft:granite":13,"minecraft:cobblestone":12,"minecraft:lapis_ore":8,"minecraft:deepslate_gold_ore":39,"minecraft:wall_torch":16,"minecraft:furnace":5,"minecraft:iron_ore":50,"minecraft:andesite":2,"minecraft:deepslate_lapis_ore":10,"minecraft:grass":9,"minecraft:oak_log":28,"minecraft:coal_ore":69,"minecraft:deepslate_iron_ore":51,"minecraft:gravel":17,"minecraft:stone":126,"minecraft:oak_leaves":3,"minecraft:deepslate":362},"minecraft:picked_up":{"minecraft:crafting_table":7,"minecraft:andesite":2,"minecraft:leather":4,"minecraft:flint":2,"minecraft:tuff":108,"minecraft:oak_log":28,"minecraft:gunpowder":2,"minecraft:lapis_lazuli":114,"minecraft:bone":3,"minecraft:apple":1,"minecraft:bow":1,"minecraft:wheat_seeds":1,"minecraft:cobbled_deepslate":147,"minecraft:raw_gold":39,"minecraft:iron_ingot":20,"minecraft:beef":9,"minecraft:iron_pickaxe":1,"minecraft:furnace":5,"minecraft:stick":2,"minecraft:raw_iron":100,"minecraft:oak_door":1,"minecraft:torch":22,"minecraft:gravel":20,"minecraft:porkchop":2,"minecraft:spider_eye":1,"minecraft:arrow":5,"minecraft:rotten_flesh":16,"minecraft:diamond":5,"minecraft:granite":13,"minecraft:cod":6,"minecraft:oak_sapling":1,"minecraft:obsidian":17,"minecraft:mutton":2,"minecraft:coal":134,"minecraft:cobblestone":136}},"DataVersion":3105}