{"stats":{"minecraft:picked_up":{"minecraft:charcoal":7,"minecraft:crafting_table":18,"minecraft:wheat":39,"minecraft:chicken":4,"minecraft:iron_axe":1,"minecraft:string":4,"minecraft:cooked_salmon":2,"minecraft:flint_and_steel":2,"minecraft:iron_leggings":1,"minecraft:iron_shovel":2,"minecraft:cobbled_deepslate":54,"minecraft:beef":5,"minecraft:oak_boat":3,"minecraft:iron_pickaxe":2,"minecraft:light_gray_wool":1,"minecraft:sugar_cane":50,"minecraft:chest":2,"minecraft:furnace":9,"minecraft:egg":5,"minecraft:stick":28,"minecraft:raw_iron":159,"minecraft:sandstone":38,"minecraft:torch":30,"minecraft:porkchop":20,"minecraft:diorite":5,"minecraft:redstone":143,"minecraft:prismarine_crystals":2,"minecraft:tnt":4,"minecraft:arrow":13,"minecraft:cooked_cod":12,"minecraft:rotten_flesh":17,"minecraft:gold_ingot":5,"minecraft:obsidian":13,"minecraft:mutton":10,"minecraft:white_wool":6,"minecraft:cobblestone":116,"minecraft:oxeye_daisy":1,"minecraft:birch_log":3,"minecraft:feather":23,"minecraft:water_bucket":1,"minecraft:andesite":8,"minecraft:brown_wool":1,"minecraft:leather":24,"minecraft:potato":2,"minecraft:filled_map":1,"minecraft:birch_planks":8,"minecraft:flint":2,"minecraft:tuff":18,"minecraft:oak_log":126,"minecraft:gunpowder":11,"minecraft:lapis_lazuli":197,"minecraft:dirt":247,"minecraft:cooked_mutton":3,"minecraft:bone":11,"minecraft:apple":4,"minecraft:bow":3,"minecraft:wheat_seeds":167,"minecraft:raw_gold":71,"minecraft:heart_of_the_sea":2,"minecraft:stone_pickaxe":1,"minecraft:iron_ingot":73,"minecraft:cooked_chicken":2,"minecraft:iron_sword":3,"minecraft:oak_planks":14,"minecraft:cooked_porkchop":37,"minecraft:dandelion":1,"minecraft:gravel":4,"minecraft:sand":69,"minecraft:blast_furnace":6,"minecraft:white_bed":8,"minecraft:grass_block":1,"minecraft:diamond":2,"minecraft:stone_axe":2,"minecraft:granite":4,"minecraft:emerald":7,"minecraft:oak_button":2,"minecraft:oak_sapling":13,"minecraft:netherrack":3,"minecraft:coal":156,"minecraft:ender_pearl":1,"minecraft:sunflower":41},"minecraft:killed":{"minecraft:spider":4,"minecraft:skeleton":9,"minecraft:bee":2,"minecraft:chicken":4,"minecraft:pig":10,"minecraft:creeper":7,"minecraft:sheep":7,"minecraft:zombie":13,"minecraft:cow":4,"minecraft:enderman":2},"minecraft:dropped":{"minecraft:water_bucket":1,"minecraft:porkchop":6,"minecraft:birch_planks":8,"minecraft:wheat_seeds":3,"minecraft:lapis_lazuli":67,"minecraft:cooked_porkchop":21,"minecraft:cobblestone":2,"minecraft:feather":6,"minecraft:granite":1,"minecraft:grass_block":1,"minecraft:oxeye_daisy":1,"minecraft:dirt":3,"minecraft:diorite":5,"minecraft:brown_wool":1,"minecraft:heart_of_the_sea":1,"minecraft:iron_axe":1,"minecraft:sand":16,"minecraft:iron_pickaxe":2,"minecraft:redstone":79,"minecraft:stone_axe":1,"minecraft:sugar_cane":2,"minecraft:cooked_chicken":1,"minecraft:filled_map":1,"minecraft:oak_button":2,"minecraft:oak_sapling":1,"minecraft:stone_pickaxe":2},"minecraft:crafted":{"minecraft:oak_planks":148,"minecraft:smooth_stone":9,"minecraft:cooked_chicken":8,"minecraft:furnace":4,"minecraft:blast_furnace":3,"minecraft:stone":9,"minecraft:bone_meal":45,"minecraft:flint_and_steel":2,"minecraft:iron_boots":1,"minecraft:iron_axe":2,"minecraft:iron_hoe":1,"minecraft:stone_pickaxe":1,"minecraft:chest":2,"minecraft:cooked_cod":6,"minecraft:deepslate":1,"minecraft:cooked_porkchop":12,"minecraft:crafting_table":3,"minecraft:wooden_pickaxe":1,"minecraft:birch_planks":12,"minecraft:bucket":2,"minecraft:bread":2,"minecraft:air":0,"minecraft:tnt":1,"minecraft:oak_boat":2,"minecraft:iron_chestplate":1,"minecraft:paper":30,"minecraft:charcoal":68,"minecraft:shield":1,"minecraft:stick":40,"minecraft:iron_ingot":159,"minecraft:iron_pickaxe":4,"minecraft:iron_leggings":1,"minecraft:gold_ingot":38,"minecraft:torch":140},"minecraft:custom":{"minecraft:mob_kills":62,"minecraft:animals_bred":8,"minecraft:interact_with_crafting_table":41,"minecraft:leave_game":5,"minecraft:time_since_death":133340,"minecraft:sprint_one_cm":422878,"minecraft:walk_one_cm":298478,"minecraft:damage_blocked_by_shield":560,"minecraft:drop":55,"minecraft:play_time":133340,"minecraft:sneak_time":14803,"minecraft:walk_under_water_one_cm":5145,"minecraft:boat_one_cm":22643,"minecraft:jump":2942,"minecraft:interact_with_blast_furnace":43,"minecraft:walk_on_water_one_cm":24321,"minecraft:enchant_item":2,"minecraft:total_world_time":133340,"minecraft:interact_with_furnace":101,"minecraft:sleep_in_bed":2,"minecraft:time_since_rest":65622,"minecraft:damage_taken":1266,"minecraft:damage_dealt":10233,"minecraft:swim_one_cm":28182,"minecraft:fly_one_cm":568143,"minecraft:open_chest":55,"minecraft:crouch_one_cm":50096,"minecraft:interact_with_smoker":22,"minecraft:fall_one_cm":69862},"minecraft:used":{"minecraft:iron_shovel":270,"minecraft:flint_and_steel":2,"minecraft:chest":3,"minecraft:shield":14,"minecraft:cooked_salmon":2,"minecraft:cooked_chicken":7,"minecraft:rotten_flesh":7,"minecraft:netherrack":2,"minecraft:iron_chestplate":1,"minecraft:torch":140,"minecraft:dirt":13,"minecraft:tuff":18,"minecraft:granite":3,"minecraft:iron_hoe":172,"minecraft:lava_bucket":11,"minecraft:iron_axe":285,"minecraft:iron_boots":1,"minecraft:light_gray_wool":1,"minecraft:oak_sapling":7,"minecraft:furnace":8,"minecraft:potato":6,"minecraft:cobbled_deepslate":43,"minecraft:iron_leggings":1,"minecraft:wheat_seeds":104,"minecraft:cooked_mutton":3,"minecraft:water_bucket":30,"minecraft:stone_pickaxe":75,"minecraft:oak_planks":21,"minecraft:wooden_pickaxe":3,"minecraft:sugar_cane":18,"minecraft:sand":3,"minecraft:tnt":1,"minecraft:crafting_table":21,"minecraft:blast_furnace":6,"minecraft:white_bed":8,"minecraft:iron_pickaxe":382,"minecraft:sunflower":2,"minecraft:bread":2,"minecraft:deepslate":1,"minecraft:stone_axe":25,"minecraft:cobblestone":55,"minecraft:cooked_porkchop":11,"minecraft:andesite":3,"minecraft:bucket":43,"minecraft:oak_boat":3,"minecraft:bone_meal":45},"minecraft:broken":{"minecraft:iron_axe":1,"minecraft:iron_pickaxe":1},"minecraft:mined":{"minecraft:tuff":18,"minecraft:white_bed":7,"minecraft:granite":3,"minecraft:grass_block":200,"minecraft:redstone_ore":9,"minecraft:furnace":7,"minecraft:iron_ore":102,"minecraft:andesite":2,"minecraft:deepslate_lapis_ore":7,"minecraft:potatoes":1,"minecraft:deepslate_iron_ore":51,"minecraft:stone":75,"minecraft:deepslate_redstone_ore":8,"minecraft:crimson_nylium":1,"minecraft:crafting_table":19,"minecraft:blast_furnace":5,"minecraft:chest":1,"minecraft:tall_grass":43,"minecraft:cobblestone":12,"minecraft:deepslate_coal_ore":1,"minecraft:lapis_ore":12,"minecraft:deepslate_gold_ore":25,"minecraft:sugar_cane":31,"minecraft:oak_planks":15,"minecraft:diorite":4,"minecraft:wall_torch":6,"minecraft:birch_log":3,"minecraft:wheat":41,"minecraft:bee_nest":1,"minecraft:grass":246,"minecraft:oak_log":126,"minecraft:coal_ore":55,"minecraft:sunflower":33,"minecraft:gravel":8,"minecraft:sand":5,"minecraft:dirt":41,"minecraft:netherrack":1,"minecraft:gold_ore":7,"minecraft:oak_leaves":117,"minecraft:deepslate":47}},"DataVersion":3105}