{"stats":{"minecraft:picked_up":{"minecraft:charcoal":7,"minecraft:crafting_table":17,"minecraft:wheat":39,"minecraft:chicken":4,"minecraft:string":3,"minecraft:cooked_salmon":2,"minecraft:flint_and_steel":1,"minecraft:iron_shovel":2,"minecraft:cobbled_deepslate":54,"minecraft:oak_boat":3,"minecraft:iron_pickaxe":1,"minecraft:light_gray_wool":1,"minecraft:sugar_cane":47,"minecraft:chest":1,"minecraft:furnace":7,"minecraft:egg":5,"minecraft:stick":14,"minecraft:raw_iron":159,"minecraft:sandstone":38,"minecraft:torch":8,"minecraft:porkchop":20,"minecraft:diorite":5,"minecraft:redstone":143,"minecraft:prismarine_crystals":2,"minecraft:tnt":4,"minecraft:arrow":13,"minecraft:cooked_cod":12,"minecraft:rotten_flesh":7,"minecraft:gold_ingot":5,"minecraft:mutton":7,"minecraft:white_wool":3,"minecraft:cobblestone":93,"minecraft:oxeye_daisy":1,"minecraft:birch_log":3,"minecraft:feather":23,"minecraft:andesite":3,"minecraft:brown_wool":1,"minecraft:leather":14,"minecraft:filled_map":1,"minecraft:birch_planks":8,"minecraft:flint":2,"minecraft:tuff":18,"minecraft:oak_log":126,"minecraft:gunpowder":7,"minecraft:lapis_lazuli":184,"minecraft:dirt":246,"minecraft:cooked_mutton":3,"minecraft:bone":11,"minecraft:apple":3,"minecraft:bow":3,"minecraft:wheat_seeds":163,"minecraft:raw_gold":32,"minecraft:heart_of_the_sea":2,"minecraft:stone_pickaxe":1,"minecraft:iron_ingot":73,"minecraft:cooked_chicken":2,"minecraft:iron_sword":2,"minecraft:oak_planks":14,"minecraft:cooked_porkchop":16,"minecraft:dandelion":1,"minecraft:gravel":4,"minecraft:sand":69,"minecraft:blast_furnace":6,"minecraft:white_bed":8,"minecraft:grass_block":1,"minecraft:diamond":2,"minecraft:granite":4,"minecraft:emerald":7,"minecraft:oak_button":2,"minecraft:oak_sapling":10,"minecraft:coal":111,"minecraft:ender_pearl":1,"minecraft:sunflower":41},"minecraft:killed":{"minecraft:spider":3,"minecraft:skeleton":9,"minecraft:bee":2,"minecraft:chicken":4,"minecraft:pig":10,"minecraft:creeper":7,"minecraft:sheep":4,"minecraft:zombie":13,"minecraft:enderman":2},"minecraft:dropped":{"minecraft:water_bucket":1,"minecraft:porkchop":6,"minecraft:birch_planks":8,"minecraft:wheat_seeds":3,"minecraft:lapis_lazuli":67,"minecraft:cobblestone":1,"minecraft:feather":6,"minecraft:granite":1,"minecraft:grass_block":1,"minecraft:oxeye_daisy":1,"minecraft:dirt":3,"minecraft:diorite":5,"minecraft:brown_wool":1,"minecraft:heart_of_the_sea":1,"minecraft:sand":16,"minecraft:iron_pickaxe":2,"minecraft:redstone":79,"minecraft:stone_axe":1,"minecraft:sugar_cane":2,"minecraft:cooked_chicken":1,"minecraft:filled_map":1,"minecraft:oak_button":2,"minecraft:oak_sapling":1,"minecraft:stone_pickaxe":2},"minecraft:crafted":{"minecraft:oak_planks":148,"minecraft:smooth_stone":9,"minecraft:cooked_chicken":8,"minecraft:furnace":4,"minecraft:blast_furnace":3,"minecraft:stone":9,"minecraft:bone_meal":45,"minecraft:flint_and_steel":2,"minecraft:iron_boots":1,"minecraft:iron_axe":2,"minecraft:iron_hoe":1,"minecraft:stone_pickaxe":1,"minecraft:chest":1,"minecraft:cooked_cod":6,"minecraft:deepslate":1,"minecraft:cooked_porkchop":12,"minecraft:crafting_table":3,"minecraft:wooden_pickaxe":1,"minecraft:birch_planks":12,"minecraft:bucket":2,"minecraft:bread":2,"minecraft:air":0,"minecraft:tnt":1,"minecraft:oak_boat":2,"minecraft:iron_chestplate":1,"minecraft:paper":30,"minecraft:charcoal":68,"minecraft:shield":1,"minecraft:stick":40,"minecraft:iron_ingot":159,"minecraft:iron_pickaxe":4,"minecraft:iron_leggings":1,"minecraft:gold_ingot":38,"minecraft:torch":140},"minecraft:custom":{"minecraft:mob_kills":54,"minecraft:animals_bred":8,"minecraft:interact_with_crafting_table":40,"minecraft:leave_game":4,"minecraft:time_since_death":122894,"minecraft:sprint_one_cm":360661,"minecraft:walk_one_cm":282544,"minecraft:damage_blocked_by_shield":560,"minecraft:drop":32,"minecraft:play_time":122894,"minecraft:sneak_time":14648,"minecraft:walk_under_water_one_cm":4230,"minecraft:boat_one_cm":22643,"minecraft:jump":2518,"minecraft:interact_with_blast_furnace":43,"minecraft:walk_on_water_one_cm":21949,"minecraft:enchant_item":2,"minecraft:total_world_time":122894,"minecraft:interact_with_furnace":101,"minecraft:sleep_in_bed":2,"minecraft:time_since_rest":55176,"minecraft:damage_taken":905,"minecraft:damage_dealt":9221,"minecraft:swim_one_cm":14362,"minecraft:fly_one_cm":449107,"minecraft:open_chest":53,"minecraft:crouch_one_cm":49723,"minecraft:interact_with_smoker":20,"minecraft:fall_one_cm":57130},"minecraft:used":{"minecraft:iron_shovel":270,"minecraft:flint_and_steel":2,"minecraft:chest":2,"minecraft:shield":14,"minecraft:cooked_salmon":2,"minecraft:cooked_chicken":4,"minecraft:rotten_flesh":7,"minecraft:iron_chestplate":1,"minecraft:torch":140,"minecraft:dirt":12,"minecraft:tuff":18,"minecraft:granite":3,"minecraft:iron_hoe":172,"minecraft:lava_bucket":11,"minecraft:iron_axe":269,"minecraft:iron_boots":1,"minecraft:light_gray_wool":1,"minecraft:oak_sapling":7,"minecraft:furnace":8,"minecraft:potato":5,"minecraft:cobbled_deepslate":43,"minecraft:iron_leggings":1,"minecraft:wheat_seeds":104,"minecraft:cooked_mutton":3,"minecraft:water_bucket":30,"minecraft:stone_pickaxe":75,"minecraft:oak_planks":21,"minecraft:wooden_pickaxe":3,"minecraft:sugar_cane":15,"minecraft:sand":3,"minecraft:tnt":1,"minecraft:crafting_table":19,"minecraft:blast_furnace":6,"minecraft:white_bed":8,"minecraft:iron_pickaxe":380,"minecraft:sunflower":2,"minecraft:bread":2,"minecraft:deepslate":1,"minecraft:stone_axe":25,"minecraft:cobblestone":55,"minecraft:cooked_porkchop":8,"minecraft:andesite":3,"minecraft:bucket":43,"minecraft:oak_boat":3,"minecraft:bone_meal":45},"minecraft:broken":{"minecraft:iron_axe":1,"minecraft:iron_pickaxe":1},"minecraft:mined":{"minecraft:tuff":18,"minecraft:white_bed":7,"minecraft:granite":3,"minecraft:grass_block":199,"minecraft:redstone_ore":9,"minecraft:furnace":7,"minecraft:iron_ore":102,"minecraft:andesite":2,"minecraft:deepslate_lapis_ore":7,"minecraft:deepslate_iron_ore":51,"minecraft:stone":75,"minecraft:deepslate_redstone_ore":8,"minecraft:crafting_table":18,"minecraft:blast_furnace":5,"minecraft:tall_grass":43,"minecraft:cobblestone":12,"minecraft:deepslate_coal_ore":1,"minecraft:lapis_ore":12,"minecraft:deepslate_gold_ore":25,"minecraft:sugar_cane":30,"minecraft:oak_planks":15,"minecraft:diorite":4,"minecraft:wall_torch":6,"minecraft:birch_log":3,"minecraft:wheat":41,"minecraft:bee_nest":1,"minecraft:grass":242,"minecraft:oak_log":126,"minecraft:coal_ore":55,"minecraft:sunflower":33,"minecraft:gravel":8,"minecraft:sand":5,"minecraft:dirt":41,"minecraft:gold_ore":7,"minecraft:oak_leaves":117,"minecraft:deepslate":47}},"DataVersion":3105}