{"stats":{"minecraft:picked_up":{"minecraft:crafting_table":2,"minecraft:wheat":26,"minecraft:chicken":2,"minecraft:cornflower":1,"minecraft:beetroot":2,"minecraft:beef":23,"minecraft:oak_boat":6,"minecraft:rose_bush":2,"minecraft:chest":3,"minecraft:sugar_cane":281,"minecraft:furnace":1,"minecraft:stick":3,"minecraft:raw_iron":2,"minecraft:sandstone":79,"minecraft:composter":1,"minecraft:porkchop":30,"minecraft:carrot":27,"minecraft:rotten_flesh":5,"minecraft:beetroot_seeds":6,"minecraft:peony":4,"minecraft:hay_block":30,"minecraft:mutton":17,"minecraft:cobblestone":86,"minecraft:white_wool":9,"minecraft:oxeye_daisy":2,"minecraft:birch_log":10,"minecraft:feather":2,"minecraft:lilac":1,"minecraft:leather":13,"minecraft:brown_wool":1,"minecraft:potato":45,"minecraft:flint":2,"minecraft:oak_log":38,"minecraft:yellow_bed":1,"minecraft:lapis_lazuli":7,"minecraft:dirt":752,"minecraft:orange_tulip":1,"minecraft:wheat_seeds":109,"minecraft:bell":1,"minecraft:bamboo":269,"minecraft:gravel":15,"minecraft:sand":118,"minecraft:birch_stairs":2,"minecraft:blast_furnace":1,"minecraft:emerald":5,"minecraft:oak_sapling":1,"minecraft:coal":73},"minecraft:killed":{"minecraft:chicken":2,"minecraft:pig":17,"minecraft:sheep":11,"minecraft:zombie":3,"minecraft:villager":3,"minecraft:cow":11},"minecraft:dropped":{"minecraft:wheat_seeds":5,"minecraft:orange_tulip":1,"minecraft:feather":2,"minecraft:emerald":5,"minecraft:oxeye_daisy":1,"minecraft:wooden_axe":1,"minecraft:birch_stairs":1,"minecraft:rotten_flesh":10,"minecraft:wooden_pickaxe":1},"minecraft:crafted":{"minecraft:wooden_sword":1,"minecraft:oak_planks":108,"minecraft:stone_shovel":10,"minecraft:furnace":1,"minecraft:iron_boots":1,"minecraft:stone_pickaxe":2,"minecraft:stone_hoe":1,"minecraft:wheat":270,"minecraft:emerald":7,"minecraft:cooked_porkchop":11,"minecraft:crafting_table":6,"minecraft:iron_helmet":1,"minecraft:wooden_pickaxe":1,"minecraft:fletching_table":1,"minecraft:birch_planks":40,"minecraft:stone_axe":1,"minecraft:bread":53,"minecraft:air":0,"minecraft:cartography_table":1,"minecraft:oak_boat":1,"minecraft:paper":105,"minecraft:stick":120,"minecraft:wooden_axe":1,"minecraft:stone_sword":2,"minecraft:torch":12},"minecraft:custom":{"minecraft:mob_kills":48,"minecraft:interact_with_crafting_table":31,"minecraft:leave_game":3,"minecraft:time_since_death":130089,"minecraft:sprint_one_cm":474373,"minecraft:walk_one_cm":199298,"minecraft:drop":10,"minecraft:talked_to_villager":21,"minecraft:play_time":130089,"minecraft:sneak_time":16867,"minecraft:walk_under_water_one_cm":18382,"minecraft:boat_one_cm":136124,"minecraft:jump":2958,"minecraft:interact_with_blast_furnace":2,"minecraft:walk_on_water_one_cm":34180,"minecraft:total_world_time":130089,"minecraft:interact_with_furnace":7,"minecraft:traded_with_villager":9,"minecraft:sleep_in_bed":9,"minecraft:time_since_rest":2697,"minecraft:damage_taken":399,"minecraft:damage_dealt":4983,"minecraft:swim_one_cm":65619,"minecraft:fly_one_cm":676633,"minecraft:open_chest":32,"minecraft:crouch_one_cm":74041,"minecraft:fall_one_cm":60436},"minecraft:used":{"minecraft:peony":4,"minecraft:moss_block":4,"minecraft:stone_sword":191,"minecraft:stone_shovel":840,"minecraft:chest":2,"minecraft:stone_hoe":152,"minecraft:torch":1,"minecraft:dirt":9,"minecraft:carrot":27,"minecraft:obsidian":3,"minecraft:wooden_axe":62,"minecraft:bamboo":87,"minecraft:furnace":1,"minecraft:oak_sapling":2,"minecraft:beetroot_seeds":6,"minecraft:potato":46,"minecraft:wheat_seeds":85,"minecraft:stone_pickaxe":201,"minecraft:cartography_table":1,"minecraft:wooden_pickaxe":35,"minecraft:sandstone":14,"minecraft:fletching_table":1,"minecraft:sugar_cane":103,"minecraft:crafting_table":8,"minecraft:blast_furnace":1,"minecraft:bread":19,"minecraft:gravel":7,"minecraft:stone_axe":1,"minecraft:wooden_sword":75,"minecraft:cobblestone":2,"minecraft:cooked_porkchop":5,"minecraft:yellow_bed":1,"minecraft:oak_boat":6},"minecraft:broken":{"minecraft:stone_sword":2,"minecraft:stone_hoe":1,"minecraft:stone_pickaxe":1,"minecraft:wooden_sword":1,"minecraft:stone_shovel":6},"minecraft:mined":{"minecraft:grass_block":448,"minecraft:composter":1,"minecraft:oxeye_daisy":1,"minecraft:sandstone":82,"minecraft:hay_block":30,"minecraft:furnace":1,"minecraft:carrots":7,"minecraft:iron_ore":2,"minecraft:fire":4,"minecraft:azure_bluet":1,"minecraft:peony":5,"minecraft:bell":1,"minecraft:potatoes":13,"minecraft:dirt_path":11,"minecraft:bamboo":119,"minecraft:stone":86,"minecraft:birch_stairs":1,"minecraft:crafting_table":2,"minecraft:cornflower":1,"minecraft:blast_furnace":1,"minecraft:chest":3,"minecraft:rose_bush":4,"minecraft:tall_grass":43,"minecraft:cobblestone":1,"minecraft:lapis_ore":1,"minecraft:sugar_cane":221,"minecraft:birch_planks":1,"minecraft:birch_log":10,"minecraft:wheat":28,"minecraft:lilac":1,"minecraft:orange_tulip":1,"minecraft:yellow_bed":2,"minecraft:grass":143,"minecraft:oak_log":38,"minecraft:coal_ore":55,"minecraft:beetroots":2,"minecraft:dirt":300,"minecraft:gravel":18,"minecraft:sunflower":1,"minecraft:sand":122,"minecraft:oak_leaves":2}},"DataVersion":3105}