{"stats":{"minecraft:mined":{"minecraft:crafting_table":2,"minecraft:blast_furnace":1,"minecraft:grass_block":8,"minecraft:chest":3,"minecraft:rose_bush":4,"minecraft:tall_grass":38,"minecraft:cobblestone":1,"minecraft:lapis_ore":1,"minecraft:sugar_cane":86,"minecraft:composter":1,"minecraft:oxeye_daisy":1,"minecraft:sandstone":82,"minecraft:hay_block":30,"minecraft:birch_planks":1,"minecraft:furnace":1,"minecraft:carrots":1,"minecraft:iron_ore":2,"minecraft:fire":4,"minecraft:birch_log":10,"minecraft:wheat":10,"minecraft:lilac":1,"minecraft:orange_tulip":1,"minecraft:yellow_bed":2,"minecraft:peony":5,"minecraft:azure_bluet":1,"minecraft:bell":1,"minecraft:grass":108,"minecraft:potatoes":1,"minecraft:oak_log":27,"minecraft:coal_ore":48,"minecraft:dirt_path":1,"minecraft:sand":115,"minecraft:sunflower":1,"minecraft:gravel":18,"minecraft:dirt":20,"minecraft:stone":40,"minecraft:oak_leaves":1},"minecraft:killed":{"minecraft:pig":17,"minecraft:sheep":11,"minecraft:zombie":3,"minecraft:chicken":2,"minecraft:villager":3,"minecraft:cow":11},"minecraft:broken":{"minecraft:stone_pickaxe":1,"minecraft:wooden_sword":1,"minecraft:stone_hoe":1},"minecraft:dropped":{"minecraft:wheat_seeds":5,"minecraft:orange_tulip":1,"minecraft:feather":2,"minecraft:rotten_flesh":10,"minecraft:emerald":5,"minecraft:oxeye_daisy":1,"minecraft:wooden_pickaxe":1},"minecraft:crafted":{"minecraft:wooden_sword":1,"minecraft:oak_planks":108,"minecraft:stone_shovel":2,"minecraft:emerald":7,"minecraft:cooked_porkchop":11,"minecraft:crafting_table":6,"minecraft:wooden_pickaxe":1,"minecraft:iron_helmet":1,"minecraft:furnace":1,"minecraft:fletching_table":1,"minecraft:birch_planks":40,"minecraft:bread":53,"minecraft:air":0,"minecraft:cartography_table":1,"minecraft:oak_boat":1,"minecraft:iron_boots":1,"minecraft:paper":27,"minecraft:stick":24,"minecraft:stone_pickaxe":2,"minecraft:wooden_axe":1,"minecraft:stone_sword":1,"minecraft:torch":12,"minecraft:stone_hoe":1,"minecraft:wheat":270},"minecraft:custom":{"minecraft:interact_with_furnace":7,"minecraft:mob_kills":48,"minecraft:traded_with_villager":9,"minecraft:interact_with_crafting_table":22,"minecraft:leave_game":2,"minecraft:time_since_death":74910,"minecraft:sleep_in_bed":4,"minecraft:time_since_rest":3814,"minecraft:sprint_one_cm":281883,"minecraft:damage_taken":289,"minecraft:walk_one_cm":112455,"minecraft:drop":8,"minecraft:damage_dealt":4983,"minecraft:swim_one_cm":29913,"minecraft:fly_one_cm":466255,"minecraft:talked_to_villager":17,"minecraft:open_chest":22,"minecraft:crouch_one_cm":27941,"minecraft:play_time":74910,"minecraft:sneak_time":7913,"minecraft:walk_under_water_one_cm":12358,"minecraft:boat_one_cm":136124,"minecraft:jump":1965,"minecraft:interact_with_blast_furnace":2,"minecraft:walk_on_water_one_cm":21608,"minecraft:total_world_time":74910,"minecraft:fall_one_cm":40363},"minecraft:used":{"minecraft:peony":4,"minecraft:moss_block":4,"minecraft:wheat_seeds":36,"minecraft:stone_sword":88,"minecraft:stone_pickaxe":147,"minecraft:stone_shovel":93,"minecraft:cartography_table":1,"minecraft:chest":2,"minecraft:wooden_pickaxe":35,"minecraft:sandstone":14,"minecraft:sugar_cane":88,"minecraft:fletching_table":1,"minecraft:stone_hoe":152,"minecraft:torch":1,"minecraft:dirt":9,"minecraft:crafting_table":8,"minecraft:blast_furnace":1,"minecraft:carrot":4,"minecraft:obsidian":3,"minecraft:wooden_axe":49,"minecraft:bread":11,"minecraft:gravel":7,"minecraft:bamboo":2,"minecraft:wooden_sword":75,"minecraft:cobblestone":2,"minecraft:oak_sapling":1,"minecraft:furnace":1,"minecraft:cooked_porkchop":4,"minecraft:oak_boat":6,"minecraft:yellow_bed":1,"minecraft:potato":18},"minecraft:picked_up":{"minecraft:birch_log":10,"minecraft:crafting_table":2,"minecraft:wheat":8,"minecraft:feather":2,"minecraft:lilac":1,"minecraft:chicken":2,"minecraft:brown_wool":1,"minecraft:leather":13,"minecraft:flint":2,"minecraft:oak_log":27,"minecraft:yellow_bed":1,"minecraft:dirt":29,"minecraft:lapis_lazuli":7,"minecraft:wheat_seeds":46,"minecraft:orange_tulip":1,"minecraft:bell":1,"minecraft:beef":23,"minecraft:oak_boat":6,"minecraft:rose_bush":2,"minecraft:sugar_cane":144,"minecraft:chest":3,"minecraft:furnace":1,"minecraft:raw_iron":2,"minecraft:sandstone":79,"minecraft:composter":1,"minecraft:gravel":15,"minecraft:porkchop":30,"minecraft:sand":112,"minecraft:blast_furnace":1,"minecraft:carrot":4,"minecraft:rotten_flesh":5,"minecraft:peony":4,"minecraft:hay_block":30,"minecraft:emerald":5,"minecraft:mutton":17,"minecraft:coal":66,"minecraft:white_wool":9,"minecraft:cobblestone":40,"minecraft:oxeye_daisy":1}},"DataVersion":3105}